title,creator,date,description,subject,location,source,orig-coll,format,type,orig-id,rights,object-id
History of the 1910 Forest Fires in Idaho and Western Montana,Elers Koch,1942,A history of the 1910 forest fire written in 1942.,fires;; Fires--Idaho;,United States--Idaho--Shoshone County--Wallace,"MG 367, Bunker Hill Company. Records, 1887-1984, University of Idaho Library Special Collections and Archives, http://www.lib.uidaho.edu/special-collections/","Bunker Hill Company Records, 1887-1984",application/pdf,Text,Koch1910FireHistory,"Digital image copyright 2011, The University of Idaho. All rights reserved. For more information contact Special Collections and Archives, University of Idaho Library, Moscow, Idaho 83844-2351.",25
Forest Fire 1910 - Correspondence,Ben E. Bush,1910-08-31,Clearwater Fire Protective Association.  Letter from the office of Ben E. Bush to Mr. Day.,fires;; Manuscript Group 5381; Forest fires--Idaho;; Fires--Idaho;,United States--Idaho--Shoshone County--Wallace,"MG 5381, Jerome Day Legislative papers, 1909-1910, University of Idaho Library Special Collections and Archives, http://www.lib.uidaho.edu/special-collections/",MG 5381,image/jpg,Image;StillImage,MG5381-1,"Digital image copyright 2011, The University of Idaho. All rights reserved. For more information contact Special Collections and Archives, University of Idaho Library, Moscow, Idaho 83844-2351.",28
Forest Fire 1910 - Bunker Hill,Stanley A. Eaton,1910-08-22,"Managers letters, Easton to Bradley.  Letter detailing the Wallace area fire of 1910.  Page 1.",fires;; Bunker Hill Company Records 1887-1984 -- Manuscript Group; Forest fires--Idaho;; Fires--Idaho;,United States--Idaho--Shoshone County--Wallace,"MG 367, Bunker Hill Company. Records, 1887-1984, University of Idaho Library Special Collections and Archives, http://www.lib.uidaho.edu/special-collections/","Bunker Hill Company Records, 1887-1984",application/pdf,Text,MG367-10-116c,"Digital image copyright 2011, The University of Idaho. All rights reserved. For more information contact Special Collections and Archives, University of Idaho Library, Moscow, Idaho 83844-2351.",33
Forest Fire 1910 - Bunker Hill correspondence,Stanley A. Eaton,1910-08-21,"Managers letters, Easton to Bradley.  Telegraph, August 21, 1910",fires;; Bunker Hill Company Records 1887-1984 -- Manuscript Group; Forest fires--Idaho;; Fires--Idaho;,United States--Idaho--Shoshone County--Wallace,"MG 367, Bunker Hill Company. Records, 1887-1984, University of Idaho Library Special Collections and Archives, http://www.lib.uidaho.edu/special-collections/","Bunker Hill Company Records, 1887-1984",application/pdf,Text,MG367-10-116a,"Digital image copyright 2011, The University of Idaho. All rights reserved. For more information contact Special Collections and Archives, University of Idaho Library, Moscow, Idaho 83844-2351.",35
Forest Fire 1910 - Bunker Hill correspondence,Stanley A. Eaton,1910-08-22,"Managers letters, Easton to Bradley.    Telegraph, August 22, 1910.",fires;; Bunker Hill Company Records 1887-1984 -- Manuscript Group; Forest fires--Idaho;; Fires--Idaho;,United States--Idaho--Shoshone County--Wallace,"MG 367, Bunker Hill Company. Records, 1887-1984, University of Idaho Library Special Collections and Archives, http://www.lib.uidaho.edu/special-collections/","Bunker Hill Company Records, 1887-1984",application/pdf,Text,MG367-10-116i,"Digital image copyright 2011, The University of Idaho. All rights reserved. For more information contact Special Collections and Archives, University of Idaho Library, Moscow, Idaho 83844-2351.",37
Forest Fire 1910 - Bunker Hill correspondence,Stanley A. Eaton,1910-08-21,"Managers letters, Easton to Bradley.  Telegraph, August 21, 1910",fires;; Bunker Hill Company Records 1887-1984 -- Manuscript Group; Forest fires--Idaho;; Fires--Idaho;,United States--Idaho--Shoshone County--Wallace,"MG 367, Bunker Hill Company. Records, 1887-1984, University of Idaho Library Special Collections and Archives, http://www.lib.uidaho.edu/special-collections/","Bunker Hill Company Records, 1887-1984",application/pdf,Text,MG367-10-116b,"Digital image copyright 2011, The University of Idaho. All rights reserved. For more information contact Special Collections and Archives, University of Idaho Library, Moscow, Idaho 83844-2351.",39
Forest Fire 1910 - Bunker Hill correspondence,Stanley A. Eaton,1910-08-22,"Managers letters, Easton to Bradley.    Telegraph, August 22, 1910.",fires;; Bunker Hill Company Records 1887-1984 -- Manuscript Group; Forest fires--Idaho;; Fires--Idaho;,United States--Idaho--Shoshone County--Wallace,"MG 367, Bunker Hill Company. Records, 1887-1984, University of Idaho Library Special Collections and Archives, http://www.lib.uidaho.edu/special-collections/","Bunker Hill Company Records, 1887-1984",application/pdf,Text,MG367-10-116g,"Digital image copyright 2011, The University of Idaho. All rights reserved. For more information contact Special Collections and Archives, University of Idaho Library, Moscow, Idaho 83844-2351.",41
Forest Fire 1910 - Bunker Hill correspondence,Stanley A. Eaton,1910-08-22,"Managers letters, Easton to Bradley.    Telegraph, August 22, 1910.",fires;; Bunker Hill Company Records 1887-1984 -- Manuscript Group; Forest fires--Idaho;; Fires--Idaho;,United States--Idaho--Shoshone County--Wallace,"MG 367, Bunker Hill Company. Records, 1887-1984, University of Idaho Library Special Collections and Archives, http://www.lib.uidaho.edu/special-collections/","Bunker Hill Company Records, 1887-1984",application/pdf,Text,MG367-10-116h,"Digital image copyright 2011, The University of Idaho. All rights reserved. For more information contact Special Collections and Archives, University of Idaho Library, Moscow, Idaho 83844-2351.",43
Forest Fire 1910 - Bunker Hill correspondence,Stanley A. Eaton,1910-08-23,"Managers letters, Easton to Bradley.  Telegraph, August 23-24, 1910",fires;; Bunker Hill Company Records 1887-1984 -- Manuscript Group; Forest fires--Idaho;; Fires--Idaho;,United States--Idaho--Shoshone County--Wallace,"MG 367, Bunker Hill Company. Records, 1887-1984, University of Idaho Library Special Collections and Archives, http://www.lib.uidaho.edu/special-collections/","Bunker Hill Company Records, 1887-1984",application/pdf,Text,MG367-10-116j,"Digital image copyright 2011, The University of Idaho. All rights reserved. For more information contact Special Collections and Archives, University of Idaho Library, Moscow, Idaho 83844-2351.",45
Trail crew cutting out burned timber. 1910 Forest fire - copy. Copied for S.A. Woodbury. 1960. Negative,"Barnard Studio (Wallace, Idaho)",1910,Image shows a trail crew cutting out burned timber. 1910 Forest fire,"fires;  groups of people;; Barnard, T. N. (Thomas Nathan)--Photograph collections; Stockbridge, Nellie--Photograph collections; Forest fires--Idaho;; Debris--Idaho;",United States--Idaho--Shoshone County,"PG 8, Barnard-Stockbridge Collection, University of Idaho Library Special Collections and Archives, http://www.lib.uidaho.edu/special-collections/",Barnard Stockbridge Collection,image/jpg,Image;StillImage,8-27831c,"Digital image copyright 2009, The University of Idaho. All rights reserved. For more information contact Special Collections and Archives, University of Idaho Library, Moscow, Idaho 83844-2351.",46
"Forest Fire, 1910 - Wallace [1910] General view","Barnard Studio (Wallace, Idaho)",1910,"Image of Wallace, Idaho after the fire of August 20, 1910. &lt;br&gt;Caption on front: """"General view from Samuel's Hotel, showing Oregon, Washington Railroad and Navigation station, August 20, 1910""""","fires; buildings (structures); railroads; railroads cars;; Barnard, T. N. (Thomas Nathan)--Photograph collections; Stockbridge, Nellie--Photograph collections;; Debris--Idaho; Buildings--Idaho; Bricks; Cities and towns--Idaho;",United States--Idaho--Shoshone County--Wallace,"PG 8, Barnard-Stockbridge Collection, University of Idaho Library Special Collections and Archives, http://www.lib.uidaho.edu/special-collections/",Barnard Stockbridge Collection,image/jpg,Image;StillImage,8-X90,"Digital image copyright 2009, The University of Idaho. All rights reserved. For more information contact Special Collections and Archives, University of Idaho Library, Moscow, Idaho 83844-2351.",47
"Forest Fire - Wallace [1910] Taken Aug. 25, after fire of Aug. 20","Barnard Studio (Wallace, Idaho)",1910-08-22,"Image of Wallace, Idaho after the fire of August 20, 1910.","fires; buildings (structures); groups of people;; Barnard, T. N. (Thomas Nathan)--Photograph collections; Stockbridge, Nellie--Photograph collections;; Debris--Idaho; Buildings--Idaho; Bricks; Cities and towns--Idaho; Men--Idaho; Women--Idaho;",United States--Idaho--Shoshone County--Wallace,"PG 8, Barnard-Stockbridge Collection, University of Idaho Library Special Collections and Archives, http://www.lib.uidaho.edu/special-collections/",Barnard Stockbridge Collection,image/jpg,Image;StillImage,8-X91a,"Digital image copyright 2009, The University of Idaho. All rights reserved. For more information contact Special Collections and Archives, University of Idaho Library, Moscow, Idaho 83844-2351.",48
"Wallace, Idaho - Fire of August 20, 1910","Barnard Studio (Wallace, Idaho)",1910-08-22,"Image of Wallace, Idaho after the fire of August 20, 1910.","fires; buildings (structures); groups of people;; Barnard, T. N. (Thomas Nathan)--Photograph collections; Stockbridge, Nellie--Photograph collections;; Debris--Idaho; Buildings--Idaho; Bricks; Cities and towns--Idaho; Men--Idaho; Women--Idaho;",United States--Idaho--Shoshone County--Wallace,"PG 8, Barnard-Stockbridge Collection, University of Idaho Library Special Collections and Archives, http://www.lib.uidaho.edu/special-collections/",Barnard Stockbridge Collection,image/jpg,Image;StillImage,8-X91b,"Digital image copyright 2009, The University of Idaho. All rights reserved. For more information contact Special Collections and Archives, University of Idaho Library, Moscow, Idaho 83844-2351.",49
"Forest Fire, 1910 - Wallace [1910] Showing corner of Samuel's Hotel on Aug. 22, after fire of Aug. 20","Barnard Studio (Wallace, Idaho)",1910-08-22,"Image of Wallace, Idaho after the fire of August 20, 1910, shows the corner of Samuel's Hotel on August 22, 1910.","fires; buildings (structures); groups of people; wagons (cargo vehicles);; Barnard, T. N. (Thomas Nathan)--Photograph collections; Stockbridge, Nellie--Photograph collections; Horses;; Debris--Idaho; Buildings--Idaho; Bricks; Cities and towns--Idaho; Men--Idaho;",United States--Idaho--Shoshone County--Wallace,"PG 8, Barnard-Stockbridge Collection, University of Idaho Library Special Collections and Archives, http://www.lib.uidaho.edu/special-collections/",Barnard Stockbridge Collection,image/jpg,Image;StillImage,8-X92,"Digital image copyright 2009, The University of Idaho. All rights reserved. For more information contact Special Collections and Archives, University of Idaho Library, Moscow, Idaho 83844-2351.",50
"Forest Fire, 1910 - Wallace [1910] Oil tanks that withstood the fire of August 20","Barnard Studio (Wallace, Idaho)",1910,Oil tank that withstood the great forest fire of 1910.,"oil storage tanks; fires;; Barnard, T. N. (Thomas Nathan)--Photograph collections; Stockbridge, Nellie--Photograph collections; Forest fires--Idaho;; Fires--Idaho ; Fuel tanks;",United States--Idaho--Shoshone County--Wallace,"PG 8, Barnard-Stockbridge Collection, University of Idaho Library Special Collections and Archives, http://www.lib.uidaho.edu/special-collections/",Barnard Stockbridge Collection,image/jpg,Image;StillImage,8-X170,"Digital image copyright 2009, The University of Idaho. All rights reserved. For more information contact Special Collections and Archives, University of Idaho Library, Moscow, Idaho 83844-2351.",51
"Wallace, Idaho - after fire [1910] taken from the tank","Barnard Studio (Wallace, Idaho)",1910,After fire.  Taken from the tank of the town,"fires; water tanks; towns;; Barnard, T. N. (Thomas Nathan)--Photograph collections; Stockbridge, Nellie--Photograph collections;; Fires--Idaho; Water tanks--Idaho; Cities and towns--Idaho;",United States--Idaho--Shoshone--Wallace,"PG 8, Barnard-Stockbridge Collection, University of Idaho Library Special Collections and Archives, http://www.lib.uidaho.edu/special-collections/",Barnard Stockbridge Collection,image/jpg,Image;StillImage,8-X478,"Digital image copyright 2010, The University of Idaho. All rights reserved. For more information contact Special Collections and Archives, University of Idaho Library, Moscow, Idaho 83844-2351.",52
"Wallace, Idaho - Forest fire 1910 [1910] Ruins in East Wallace","Barnard Studio (Wallace, Idaho)",1910,Forest fire 1910. Ruins in East Wallace.,"fires; damage;; Barnard, T. N. (Thomas Nathan)--Photograph collections; Stockbridge, Nellie--Photograph collections;; Fires--Idaho; Debris--Idaho;",United States--Idaho--Shoshone County--Wallace,"PG 8, Barnard-Stockbridge Collection, University of Idaho Library Special Collections and Archives, http://www.lib.uidaho.edu/special-collections/",Barnard Stockbridge Collection,image/jpg,Image;StillImage,8-X545c,"Digital image copyright 2010, The University of Idaho. All rights reserved. For more information contact Special Collections and Archives, University of Idaho Library, Moscow, Idaho 83844-2351.",53
"Wallace, Idaho - Forest fire 1910 [1910] Some damage of East Wallace","Barnard Studio (Wallace, Idaho)",1910,Forest fire 1910. Some damage of East Wallace.,"fires; damage;; Barnard, T. N. (Thomas Nathan)--Photograph collections; Stockbridge, Nellie--Photograph collections;; Fires--Idaho; Debris--Idaho;",United States--Idaho--Shoshone County--Wallace,"PG 8, Barnard-Stockbridge Collection, University of Idaho Library Special Collections and Archives, http://www.lib.uidaho.edu/special-collections/",Barnard Stockbridge Collection,image/jpg,Image;StillImage,8-X545d,"Digital image copyright 2010, The University of Idaho. All rights reserved. For more information contact Special Collections and Archives, University of Idaho Library, Moscow, Idaho 83844-2351.",54
"Wallace, Idaho - Forest fire 1910 [1910]","Barnard Studio (Wallace, Idaho)",1910,Forest fire 1910. Smoke before fire entered town Aug. 20.,"fires; smoke;; Barnard, T. N. (Thomas Nathan)--Photograph collections; Stockbridge, Nellie--Photograph collections;; Fires--Idaho;",United States--Idaho--Shoshone County--Wallace,"PG 8, Barnard-Stockbridge Collection, University of Idaho Library Special Collections and Archives, http://www.lib.uidaho.edu/special-collections/",Barnard Stockbridge Collection,image/jpg,Image;StillImage,8-X545e,"Digital image copyright 2010, The University of Idaho. All rights reserved. For more information contact Special Collections and Archives, University of Idaho Library, Moscow, Idaho 83844-2351.",55
Forest fire 1910 [1910] Smoke before fire entered town Aug. 20,"Barnard Studio (Wallace, Idaho)",1910,Showing ruins of the Pacific Hotel; Hotel street from 7th. Forest fire 1910,"fires; damage;; Barnard, T. N. (Thomas Nathan)--Photograph collections; Stockbridge, Nellie--Photograph collections;; Fires--Idaho; Debris--Idaho;",United States--Idaho--Shoshone County--Wallace,"PG 8, Barnard-Stockbridge Collection, University of Idaho Library Special Collections and Archives, http://www.lib.uidaho.edu/special-collections/",Barnard Stockbridge Collection,image/jpg,Image;StillImage,8-X545f,"Digital image copyright 2010, The University of Idaho. All rights reserved. For more information contact Special Collections and Archives, University of Idaho Library, Moscow, Idaho 83844-2351.",56
Two men standing in yard of home. 1910 Forest fire - copy. Copied for S.A. Woodbury. 1960. Negative,"Barnard Studio (Wallace, Idaho)",1910,Images shows two men standing in the yard of a home. 1910 Forest fire,"fires; groups of people; dwellings;; Barnard, T. N. (Thomas Nathan)--Photograph collections; Stockbridge, Nellie--Photograph collections; Forest fires--Idaho;; ",United States--Idaho--Shoshone County--Wallace,"PG 8, Barnard-Stockbridge Collection, University of Idaho Library Special Collections and Archives, http://www.lib.uidaho.edu/special-collections/",Barnard Stockbridge Collection,image/jpg,Image;StillImage,8-27831a,"Digital image copyright 2009, The University of Idaho. All rights reserved. For more information contact Special Collections and Archives, University of Idaho Library, Moscow, Idaho 83844-2351.",57
"Forest Fire - Wallace Idaho Aug 20, 1910 Men burned in the fire","Barnard Studio (Wallace, Idaho)",1910,"Forest fire August 20, 1910. Men burned in the fire.","fires; damage; studio portraits;; Barnard, T. N. (Thomas Nathan)--Photograph collections; Stockbridge, Nellie--Photograph collections;; Fires--Idaho; Group portraits;  Wounds & injuries --Idaho;",United States--Idaho--Shoshone County--Wallace,"PG 8, Barnard-Stockbridge Collection, University of Idaho Library Special Collections and Archives, http://www.lib.uidaho.edu/special-collections/",Barnard Stockbridge Collection,image/jpg,Image;StillImage,8-X545h,"Digital image copyright 2010, The University of Idaho. All rights reserved. For more information contact Special Collections and Archives, University of Idaho Library, Moscow, Idaho 83844-2351.",58
"Forest Fire, 1910 - Wallace [1910]","Barnard Studio (Wallace, Idaho)",1910,"Night time image of the fire burning buildings in Wallace, Idaho. Forest fire 1910.","fires;; Barnard, T. N. (Thomas Nathan)--Photograph collections; Stockbridge, Nellie--Photograph collections; Forest fires--Idaho;; Debris--Idaho; Cities and towns--Idaho;",United States--Idaho--Shoshone County--Wallace,"PG 8, Barnard-Stockbridge Collection, University of Idaho Library Special Collections and Archives, http://www.lib.uidaho.edu/special-collections/",Barnard Stockbridge Collection,image/jpg,Image;StillImage,8-B498a,"Digital image copyright 2009, The University of Idaho. All rights reserved. For more information contact Special Collections and Archives, University of Idaho Library, Moscow, Idaho 83844-2351.",59
"Forest Fire, 1910 - Wallace [1910]","Barnard Studio (Wallace, Idaho)",1910,"Night time image of the fire burning buildings in Wallace, Idaho. Forest fire 1910.","fires;; Barnard, T. N. (Thomas Nathan)--Photograph collections; Stockbridge, Nellie--Photograph collections; Forest fires--Idaho;; Debris--Idaho; Cities and towns--Idaho;",United States--Idaho--Shoshone County--Wallace,"PG 8, Barnard-Stockbridge Collection, University of Idaho Library Special Collections and Archives, http://www.lib.uidaho.edu/special-collections/",Barnard Stockbridge Collection,image/jpg,Image;StillImage,8-B498b,"Digital image copyright 2009, The University of Idaho. All rights reserved. For more information contact Special Collections and Archives, University of Idaho Library, Moscow, Idaho 83844-2351.",60
"Forest Fire, 1910 - Wallace [1910]","Barnard Studio (Wallace, Idaho)",1910,"Night time image of the fire burning buildings in Wallace, Idaho. Forest fire 1910.","fires;; Barnard, T. N. (Thomas Nathan)--Photograph collections; Stockbridge, Nellie--Photograph collections; Forest fires--Idaho;; Debris--Idaho; Cities and towns--Idaho;",United States--Idaho--Shoshone County--Wallace,"PG 8, Barnard-Stockbridge Collection, University of Idaho Library Special Collections and Archives, http://www.lib.uidaho.edu/special-collections/",Barnard Stockbridge Collection,image/jpg,Image;StillImage,8-B498c,"Digital image copyright 2009, The University of Idaho. All rights reserved. For more information contact Special Collections and Archives, University of Idaho Library, Moscow, Idaho 83844-2351.",61
"Forest Fire, 1910 - Wallace [1910]","Barnard Studio (Wallace, Idaho)",1910,"Night time image of the fire burning buildings in Wallace, Idaho. Forest fire 1910.","fires;; Barnard, T. N. (Thomas Nathan)--Photograph collections; Stockbridge, Nellie--Photograph collections; Forest fires--Idaho;; Debris--Idaho; Cities and towns--Idaho;",United States--Idaho--Shoshone County--Wallace,"PG 8, Barnard-Stockbridge Collection, University of Idaho Library Special Collections and Archives, http://www.lib.uidaho.edu/special-collections/",Barnard Stockbridge Collection,image/jpg,Image;StillImage,8-B498d,"Digital image copyright 2009, The University of Idaho. All rights reserved. For more information contact Special Collections and Archives, University of Idaho Library, Moscow, Idaho 83844-2351.",62
"Forest Fire, 1910 - Wallace [1910]","Barnard Studio (Wallace, Idaho)",1910,"Night time image of the fire burning buildings in Wallace, Idaho. Forest fire 1910.","fires;; Barnard, T. N. (Thomas Nathan)--Photograph collections; Stockbridge, Nellie--Photograph collections; Forest fires--Idaho;; Debris--Idaho; Cities and towns--Idaho;",United States--Idaho--Shoshone County--Wallace,"PG 8, Barnard-Stockbridge Collection, University of Idaho Library Special Collections and Archives, http://www.lib.uidaho.edu/special-collections/",Barnard Stockbridge Collection,image/jpg,Image;StillImage,8-B498e,"Digital image copyright 2009, The University of Idaho. All rights reserved. For more information contact Special Collections and Archives, University of Idaho Library, Moscow, Idaho 83844-2351.",63
"Forest Fire, 1910 - Wallace [1910]","Barnard Studio (Wallace, Idaho)",1910,"Image shows people assessing the damage left by the fire in Wallace, Idaho. Forest fire 1910.","fires;  groups of people;; Barnard, T. N. (Thomas Nathan)--Photograph collections; Stockbridge, Nellie--Photograph collections; Forest fires--Idaho;; Debris--Idaho; Buildings--Idaho; Bricks; Cities and towns--Idaho;",United States--Idaho--Shoshone County--Wallace,"PG 8, Barnard-Stockbridge Collection, University of Idaho Library Special Collections and Archives, http://www.lib.uidaho.edu/special-collections/",Barnard Stockbridge Collection,image/jpg,Image;StillImage,8-B498f,"Digital image copyright 2009, The University of Idaho. All rights reserved. For more information contact Special Collections and Archives, University of Idaho Library, Moscow, Idaho 83844-2351.",64
"Forest Fire, 1910 - Wallace [1910]","Barnard Studio (Wallace, Idaho)",1910,"Image is of debris from a damaged building in Wallace, Idaho. Forest fire 1910.","fires;  buildings (structures);; Barnard, T. N. (Thomas Nathan)--Photograph collections; Stockbridge, Nellie--Photograph collections; Forest fires--Idaho;; Debris--Idaho; Buildings--Idaho; Bricks; Cities and towns--Idaho;",United States--Idaho--Shoshone County--Wallace,"PG 8, Barnard-Stockbridge Collection, University of Idaho Library Special Collections and Archives, http://www.lib.uidaho.edu/special-collections/",Barnard Stockbridge Collection,image/jpg,Image;StillImage,8-B498g,"Digital image copyright 2009, The University of Idaho. All rights reserved. For more information contact Special Collections and Archives, University of Idaho Library, Moscow, Idaho 83844-2351.",65
"Forest Fire, 1910 - Wallace [1910]","Barnard Studio (Wallace, Idaho); Barnard Studio (Wallace, Idaho)",1910,"Image is of debris from a damaged building in Wallace, Idaho. Forest fire 1910.","fires;  buildings (structures);; Barnard, T. N. (Thomas Nathan)--Photograph collections; Stockbridge, Nellie--Photograph collections; Forest fires--Idaho;; Debris--Idaho; Buildings--Idaho; Bricks; Cities and towns--Idaho;",United States--Idaho--Shoshone County--Wallace,"PG 8, Barnard-Stockbridge Collection, University of Idaho Library Special Collections and Archives, http://www.lib.uidaho.edu/special-collections/",Barnard Stockbridge Collection,image/jpg,Image;StillImage,8-B498h,"Digital image copyright 2009, The University of Idaho. All rights reserved. For more information contact Special Collections and Archives, University of Idaho Library, Moscow, Idaho 83844-2351.; Digital image copyright 2009, The University of Idaho. All rights reserved. For more information contact Special Collections and Archives, University of Idaho Library, Moscow, Idaho 83844-2351.",66
"Forest Fire, 1910 - Wallace [1910]","Barnard Studio (Wallace, Idaho)",1910,"Image is of debris from a damaged building in Wallace, Idaho. Forest fire 1910.","fires;  groups of people; buildings (structures);; Barnard, T. N. (Thomas Nathan)--Photograph collections; Stockbridge, Nellie--Photograph collections; Forest fires--Idaho;; Debris--Idaho; Buildings--Idaho; Bricks; Cities and towns--Idaho; Bicycles & tricycles--Idaho;",United States--Idaho--Shoshone County--Wallace,"PG 8, Barnard-Stockbridge Collection, University of Idaho Library Special Collections and Archives, http://www.lib.uidaho.edu/special-collections/",Barnard Stockbridge Collection,image/jpg,Image;StillImage,8-B498i,"Digital image copyright 2009, The University of Idaho. All rights reserved. For more information contact Special Collections and Archives, University of Idaho Library, Moscow, Idaho 83844-2351.",67
"Big pine that killed three men, Big Creek. 1910 Forest fire - copy. Copied for S.A. Woodbury. 1960. Negative","Barnard Studio (Wallace, Idaho)",1910,"Image is of the big pine that killed three men, Big Creek. 1910 Forest fire.","fires;  creeks (bodies of water);; Barnard, T. N. (Thomas Nathan)--Photograph collections; Stockbridge, Nellie--Photograph collections; Forest fires--Idaho;; Debris--Idaho;",United States--Idaho--Shoshone County,"PG 8, Barnard-Stockbridge Collection, University of Idaho Library Special Collections and Archives, http://www.lib.uidaho.edu/special-collections/",Barnard Stockbridge Collection,image/jpg,Image;StillImage,8-27831e,"Digital image copyright 2009, The University of Idaho. All rights reserved. For more information contact Special Collections and Archives, University of Idaho Library, Moscow, Idaho 83844-2351.",68
"Forest Fire 1910 - Wallace, Idaho Remains of brick building at 721 Bank and, in background, O.R. & N depot, after fire of August 20.","Barnard Studio (Wallace, Idaho)",1910,"Image shows the remains of brick building at 721 Bank and, in background, O.R. & N depot, after fire of August 20, 1910.","fires;  groups of people; buildings (structures);; Barnard, T. N. (Thomas Nathan)--Photograph collections; Stockbridge, Nellie--Photograph collections; Forest fires--Idaho;; Debris--Idaho; Buildings--Idaho; Bricks; Cities and towns--Idaho;",United States--Idaho--Shoshone County--Wallace,"PG 8, Barnard-Stockbridge Collection, University of Idaho Library Special Collections and Archives, http://www.lib.uidaho.edu/special-collections/",Barnard Stockbridge Collection,image/jpg,Image;StillImage,8-C4a,"Digital image copyright 2009, The University of Idaho. All rights reserved. For more information contact Special Collections and Archives, University of Idaho Library, Moscow, Idaho 83844-2351.",69
"Forest Fire 1910 - Wallace, Idaho Remains of brick building at 721 Bank and, in background, O.R. & N depot, after fire of August 20.","Barnard Studio (Wallace, Idaho)",1910,"Image shows the remains of brick building at 721 Bank and, in background, O.R. & N depot, after fire of August 20, 1910.","fires;  groups of people; buildings (structures);; Barnard, T. N. (Thomas Nathan)--Photograph collections; Stockbridge, Nellie--Photograph collections; Forest fires--Idaho;; Debris--Idaho; Buildings--Idaho; Bricks; Cities and towns--Idaho;",United States--Idaho--Shoshone County--Wallace,"PG 8, Barnard-Stockbridge Collection, University of Idaho Library Special Collections and Archives, http://www.lib.uidaho.edu/special-collections/",Barnard Stockbridge Collection,image/jpg,Image;StillImage,8-C4b,"Digital image copyright 2009, The University of Idaho. All rights reserved. For more information contact Special Collections and Archives, University of Idaho Library, Moscow, Idaho 83844-2351.",70
Forest Fire 1910 - Wallace [1910] Brewery,"Barnard Studio (Wallace, Idaho); Barnard Studio (Wallace, Idaho)",1910,"Image is of debris from a damaged building in Wallace, Idaho. Forest fire 1910.","fires;  buildings (structures);; Barnard, T. N. (Thomas Nathan)--Photograph collections; Stockbridge, Nellie--Photograph collections; Forest fires--Idaho;; Debris--Idaho; Buildings--Idaho; Bricks; Cities and towns--Idaho;",United States--Idaho--Shoshone County--Wallace,"PG 8, Barnard-Stockbridge Collection, University of Idaho Library Special Collections and Archives, http://www.lib.uidaho.edu/special-collections/",Barnard Stockbridge Collection,image/jpg,Image;StillImage,8-C4c,"Digital image copyright 2009, The University of Idaho. All rights reserved. For more information contact Special Collections and Archives, University of Idaho Library, Moscow, Idaho 83844-2351.; Digital image copyright 2009, The University of Idaho. All rights reserved. For more information contact Special Collections and Archives, University of Idaho Library, Moscow, Idaho 83844-2351.",71
Mr. Morris at the Pulaski tunnel in Placer Creek. 1910 Forest fire - copy. Copied for S.A. Woodbury. 1960. Negative,"Barnard Studio (Wallace, Idaho)",1910,Image shows Mr. Morris at the Pulaski tunnel in Placer Creek. 1910 Forest fire,"fires;  creeks (bodies of water);; Barnard, T. N. (Thomas Nathan)--Photograph collections; Stockbridge, Nellie--Photograph collections; Forest fires--Idaho;; Debris--Idaho;",United States--Idaho--Shoshone County,"PG 8, Barnard-Stockbridge Collection, University of Idaho Library Special Collections and Archives, http://www.lib.uidaho.edu/special-collections/",Barnard Stockbridge Collection,image/jpg,Image;StillImage,8-27831d,"Digital image copyright 2009, The University of Idaho. All rights reserved. For more information contact Special Collections and Archives, University of Idaho Library, Moscow, Idaho 83844-2351.",72
Forest Fire 1910 - Wallace [1910] Brewery,"Barnard Studio (Wallace, Idaho)",1910,"Image is of debris from a damaged building in Wallace, Idaho. Forest fire 1910.","fires;  buildings (structures);; Barnard, T. N. (Thomas Nathan)--Photograph collections; Stockbridge, Nellie--Photograph collections; Forest fires--Idaho;; Debris--Idaho; Buildings--Idaho; Bricks; Cities and towns--Idaho;",United States--Idaho--Shoshone County--Wallace,"PG 8, Barnard-Stockbridge Collection, University of Idaho Library Special Collections and Archives, http://www.lib.uidaho.edu/special-collections/",Barnard Stockbridge Collection,image/jpg,Image;StillImage,8-C4d,"Digital image copyright 2009, The University of Idaho. All rights reserved. For more information contact Special Collections and Archives, University of Idaho Library, Moscow, Idaho 83844-2351.",73
Forest Fire 1910 - Wallace [1910] Placer Creek after the fire.,"Barnard Studio (Wallace, Idaho)",1910,Image shows burned timber surrounding Placer Creek after the fire. Forest fire 1910.,"fires;  creeks (bodies of water);; Barnard, T. N. (Thomas Nathan)--Photograph collections; Stockbridge, Nellie--Photograph collections; Forest fires--Idaho;; Debris--Idaho; Buildings--Idaho; Bricks; Cities and towns--Idaho;",United States--Idaho--Shoshone County--Wallace,"PG 8, Barnard-Stockbridge Collection, University of Idaho Library Special Collections and Archives, http://www.lib.uidaho.edu/special-collections/",Barnard Stockbridge Collection,image/jpg,Image;StillImage,8-C5a,"Digital image copyright 2009, The University of Idaho. All rights reserved. For more information contact Special Collections and Archives, University of Idaho Library, Moscow, Idaho 83844-2351.",74
Forest Fire 1910 - Wallace [1910] Placer Creek after the fire.,"Barnard Studio (Wallace, Idaho)",1910,Image shows burned timber surrounding Placer Creek after the fire. Forest fire 1910.,"fires;  creeks (bodies of water);; Barnard, T. N. (Thomas Nathan)--Photograph collections; Stockbridge, Nellie--Photograph collections; Forest fires--Idaho;; Debris--Idaho; Buildings--Idaho; Bricks; Cities and towns--Idaho;",United States--Idaho--Shoshone County--Wallace,"PG 8, Barnard-Stockbridge Collection, University of Idaho Library Special Collections and Archives, http://www.lib.uidaho.edu/special-collections/",Barnard Stockbridge Collection,image/jpg,Image;StillImage,8-C5b,"Digital image copyright 2009, The University of Idaho. All rights reserved. For more information contact Special Collections and Archives, University of Idaho Library, Moscow, Idaho 83844-2351.",75
"After the fire on the Little North Fork, St. Joe River. 1910 Forest fire - copy. Copied for S.A. Woodbury. 1960. Negative","Barnard Studio (Wallace, Idaho)",1910,"Image shows burned timber on the Little North Fork, St. Joe River after the fire. 1910 Forest fire","fires;; Barnard, T. N. (Thomas Nathan)--Photograph collections; Stockbridge, Nellie--Photograph collections; Forest fires--Idaho;; Debris--Idaho;",United States--Idaho--Shoshone County,"PG 8, Barnard-Stockbridge Collection, University of Idaho Library Special Collections and Archives, http://www.lib.uidaho.edu/special-collections/",Barnard Stockbridge Collection,image/jpg,Image;StillImage,8-27831b,"Digital image copyright 2009, The University of Idaho. All rights reserved. For more information contact Special Collections and Archives, University of Idaho Library, Moscow, Idaho 83844-2351.",76
Wallace - after 1910 fire,"Barnard Studio (Wallace, Idaho)",1910-08-20,Postcard: description was handwritten on front,fires;  buildings (structures);; Postcard Collection; Forest fires--Idaho;; Debris--Idaho; Buildings--Idaho; Bricks; Cities and towns--Idaho;,United States--Idaho--Shoshone County--Wallace,"PG 9, Postcard Collection, University of Idaho Library Special Collections and Archives, http://www.lib.uidaho.edu/special-collections/",Postcard Collection,image/jpg,Image;StillImage,9-1-6f,"Digital image copyright 2011, The University of Idaho. All rights reserved. For more information contact Special Collections and Archives, University of Idaho Library, Moscow, Idaho 83844-2351.",77
Forest Fire 1910 - Harlan Ridge,,1910,Harlan Ridge fire from Bertha Hill.  Beaver Creek,"fires; damage;; Curtis, A. B.--Photograph Collections; Forest fires--Idaho;; Fires--Idaho; Debris--Idaho;",United States--Idaho--Shoshone County--Wallace,"PG 13, A.B. Curtis Collection, University of Idaho Library Special Collections and Archives, http://www.lib.uidaho.edu/special-collections/",A.B. Curtis Collection,image/jpg,Image;StillImage,13-990,"Digital image copyright 2011, The University of Idaho. All rights reserved. For more information contact Special Collections and Archives, University of Idaho Library, Moscow, Idaho 83844-2351.",78
Entrance to War Eagle Mine where Edward C. Pulaski led 40 men and two horses to escape from fire. 1910 Forest fire - copy. Copied for Edward Pulaski. 1960. Negative,"Barnard Studio (Wallace, Idaho)",1910,Image shows the entrance to War Eagle Mine where Edward C. Pulaski led 40 men and two horses to escape from fire. 1910 Forest fire,"fires;  mines (extracting complexes);; Barnard, T. N. (Thomas Nathan)--Photograph collections; Stockbridge, Nellie--Photograph collections; Forest fires--Idaho;; Debris--Idaho;",United States--Idaho,"PG 8, Barnard-Stockbridge Collection, University of Idaho Library Special Collections and Archives, http://www.lib.uidaho.edu/special-collections/",Barnard Stockbridge Collection,image/jpg,Image;StillImage,8-29535-1,"Digital image copyright 2009, The University of Idaho. All rights reserved. For more information contact Special Collections and Archives, University of Idaho Library, Moscow, Idaho 83844-2351.",79
Forest Fire 1910 - Striped peak area,,1910,View of burnt over Striped Peak area.,"fires; damage;; Curtis, A. B.--Photograph Collections; Forest fires--Idaho;; Fires--Idaho; Debris--Idaho;",United States--Idaho--Shoshone County--Wallace,"PG 13, A.B. Curtis Collection, University of Idaho Library Special Collections and Archives, http://www.lib.uidaho.edu/special-collections/",A.B. Curtis Collection,image/jpg,Image;StillImage,13-991,"Digital image copyright 2011, The University of Idaho. All rights reserved. For more information contact Special Collections and Archives, University of Idaho Library, Moscow, Idaho 83844-2351.",80
Forest Fire 1910,,1910,"View of burnt over ridge top.  Here the fire came up the ridge and crowned to the top, slowed down at the ridge crest.  It burned very hard as can be noted by the burned out green timber.  A wall of searing flame.","fires; damage;; Curtis, A. B.--Photograph Collections; Forest fires--Idaho;; Fires--Idaho; Debris--Idaho;",United States--Idaho--Shoshone County--Wallace,"PG 13, A.B. Curtis Collection, University of Idaho Library Special Collections and Archives, http://www.lib.uidaho.edu/special-collections/",A.B. Curtis Collection,image/jpg,Image;StillImage,13-992,"Digital image copyright 2011, The University of Idaho. All rights reserved. For more information contact Special Collections and Archives, University of Idaho Library, Moscow, Idaho 83844-2351.",81
Forest Fire 1910 - Clearwater area,,1910,View of burnt over valley in Clearwater area.,"fires; damage;; Curtis, A. B.--Photograph Collections; Forest fires--Idaho;; Fires--Idaho; Debris--Idaho;",United States--Idaho--Shoshone County--Wallace,"PG 13, A.B. Curtis Collection, University of Idaho Library Special Collections and Archives, http://www.lib.uidaho.edu/special-collections/",A.B. Curtis Collection,image/jpg,Image;StillImage,13-993,"Digital image copyright 2011, The University of Idaho. All rights reserved. For more information contact Special Collections and Archives, University of Idaho Library, Moscow, Idaho 83844-2351.",82
"Oral History - Ione ""Pinkie"" Adair part 1",,1977-02-24,"Conversation with Ione (""Pinkie"") at her Moscow home February 24, 1977.  Interviewer is Sam Schrager.  Part 1.",fires;; Fires--Idaho;,United States--Idaho--Shoshone County--Wallace,"MG 415, Latah County Oral History Project, 1971-1985, University of Idaho Library Special Collections and Archives, http://www.lib.uidaho.edu/special-collections/",,audio/aif,Sound,Adair 1-5a,"Digital image copyright 2011, The University of Idaho. All rights reserved. For more information contact Special Collections and Archives, University of Idaho Library, Moscow, Idaho 83844-2351.",83
"Oral History - Ione ""Pinkie"" Adair part 2",,1977-02-24,"Conversation with Ione (""Pinkie"") at her Moscow home February 24, 1977.  Interviewer is Sam Schrager.  Part 2.",fires;; Fires--Idaho;,United States--Idaho--Shoshone County--Wallace,"MG 415, Latah County Oral History Project, 1971-1985, University of Idaho Library Special Collections and Archives, http://www.lib.uidaho.edu/special-collections/",,audio/aif,Sound,Adair 1-5b,"Digital image copyright 2011, The University of Idaho. All rights reserved. For more information contact Special Collections and Archives, University of Idaho Library, Moscow, Idaho 83844-2351.",84
Forest Fire 1910,,1910,View of burnt over area,"fires; damage;; Curtis, A. B.--Photograph Collections; Forest fires--Idaho;; Fires--Idaho; Debris--Idaho;",United States--Idaho--Shoshone County--Wallace,"PG 13, A.B. Curtis Collection, University of Idaho Library Special Collections and Archives, http://www.lib.uidaho.edu/special-collections/",A.B. Curtis Collection,image/jpg,Image;StillImage,13-994,"Digital image copyright 2011, The University of Idaho. All rights reserved. For more information contact Special Collections and Archives, University of Idaho Library, Moscow, Idaho 83844-2351.",85
Forest Fire 1910 - Dull Axe area,,1910,View of burnt over Dull Axe area,"fires; damage;; Curtis, A. B.--Photograph Collections; Forest fires--Idaho;; Fires--Idaho; Debris--Idaho;",United States--Idaho--Shoshone County--Wallace,"PG 13, A.B. Curtis Collection, University of Idaho Library Special Collections and Archives, http://www.lib.uidaho.edu/special-collections/",A.B. Curtis Collection,image/jpg,Image;StillImage,13-995,"Digital image copyright 2011, The University of Idaho. All rights reserved. For more information contact Special Collections and Archives, University of Idaho Library, Moscow, Idaho 83844-2351.",86
Forest Fire 1910 - Wallace [1910] Placer Creek after the fire.,"Barnard Studio (Wallace, Idaho)",1910,Image shows burned timber surrounding Placer Creek after the fire. Forest fire 1910.,"fires;  creeks (bodies of water);; Barnard, T. N. (Thomas Nathan)--Photograph collections; Stockbridge, Nellie--Photograph collections; Forest fires--Idaho;; Debris--Idaho; Buildings--Idaho; Bricks; Cities and towns--Idaho;",United States--Idaho--Shoshone County--Wallace,"PG 8, Barnard-Stockbridge Collection, University of Idaho Library Special Collections and Archives, http://www.lib.uidaho.edu/special-collections/",Barnard Stockbridge Collection,image/jpg,Image;StillImage,8-C5c,"Digital image copyright 2009, The University of Idaho. All rights reserved. For more information contact Special Collections and Archives, University of Idaho Library, Moscow, Idaho 83844-2351.",87
Forest Fire 1910,,1910,View of burnt over ridge top,"fires; damage;; Curtis, A. B.--Photograph Collections; Forest fires--Idaho;; Fires--Idaho; Debris--Idaho;",United States--Idaho--Shoshone County--Wallace,"PG 13, A.B. Curtis Collection, University of Idaho Library Special Collections and Archives, http://www.lib.uidaho.edu/special-collections/",A.B. Curtis Collection,image/jpg,Image;StillImage,13-996,"Digital image copyright 2011, The University of Idaho. All rights reserved. For more information contact Special Collections and Archives, University of Idaho Library, Moscow, Idaho 83844-2351.",88
Forest Fire 1910 - Fish Hook Creek,,1910,View of burnt over Fish Hook Creek in St. Joe country,"fires; damage;; Curtis, A. B.--Photograph Collections; Forest fires--Idaho;; Fires--Idaho; Debris--Idaho;",United States--Idaho--Shoshone County--Wallace,"PG 13, A.B. Curtis Collection, University of Idaho Library Special Collections and Archives, http://www.lib.uidaho.edu/special-collections/",A.B. Curtis Collection,image/jpg,Image;StillImage,13-997,"Digital image copyright 2011, The University of Idaho. All rights reserved. For more information contact Special Collections and Archives, University of Idaho Library, Moscow, Idaho 83844-2351.",89
"Forest Fire, 1910 - Wallace [1910] Coeur d'Alene Hardware warehouse ruins Sept. 3 after fire of August 20.","Barnard Studio (Wallace, Idaho)",1910-09-03,"Image shows the debris from the Coeur d'Alene Hardware Warehouse on September 3, 1910 after  the fire on August 20, 1910 swept went through Wallace, Idaho.","groups of people; business (commercial function); fires;; Barnard, T. N. (Thomas Nathan)--Photograph collections; Stockbridge, Nellie--Photograph collections;; Debris--Idaho; Cities and towns--Idaho; Men--Idaho;",United States--Idaho--Shoshone County--Wallace,"PG 8, Barnard-Stockbridge Collection, University of Idaho Library Special Collections and Archives, http://www.lib.uidaho.edu/special-collections/",Barnard Stockbridge Collection,image/jpg,Image;StillImage,8-X82,"Digital image copyright 2009, The University of Idaho. All rights reserved. For more information contact Special Collections and Archives, University of Idaho Library, Moscow, Idaho 83844-2351.",90
Forest Fire 1910 - Wallace [1910] Soldiers Camp,"Barnard Studio (Wallace, Idaho)",1910,"Images shows tents of  a Soldiers Camp set up outside of Wallace, Idaho. Forest fire 1910.","fires;  groups of people;  tents (portable buildings);; Barnard, T. N. (Thomas Nathan)--Photograph collections; Stockbridge, Nellie--Photograph collections; Forest fires--Idaho;; Debris--Idaho; Buildings--Idaho; Bricks; Cities and towns--Idaho;",United States--Idaho--Shoshone County--Wallace,"PG 8, Barnard-Stockbridge Collection, University of Idaho Library Special Collections and Archives, http://www.lib.uidaho.edu/special-collections/",Barnard Stockbridge Collection,image/jpg,Image;StillImage,8-C6,"Digital image copyright 2009, The University of Idaho. All rights reserved. For more information contact Special Collections and Archives, University of Idaho Library, Moscow, Idaho 83844-2351.",91
Forest Fire 1910 - Wallace [1910] Hill about opposite 6th St.,"Barnard Studio (Wallace, Idaho)",1910,"Image shows men working on the hill opposite of 6th St. in Wallace, Idaho. Forest fire 1910.","fires;  groups of people;; Barnard, T. N. (Thomas Nathan)--Photograph collections; Stockbridge, Nellie--Photograph collections; Forest fires--Idaho;; Debris--Idaho; Cities and towns--Idaho; Adults--Idaho;",United States--Idaho--Shoshone County--Wallace,"PG 8, Barnard-Stockbridge Collection, University of Idaho Library Special Collections and Archives, http://www.lib.uidaho.edu/special-collections/",Barnard Stockbridge Collection,image/jpg,Image;StillImage,8-C7,"Digital image copyright 2009, The University of Idaho. All rights reserved. For more information contact Special Collections and Archives, University of Idaho Library, Moscow, Idaho 83844-2351.",92
Forest Fire 1910 - Wallace [1910] Worstell Co. Store,"Barnard Studio (Wallace, Idaho)",1910,Image shows damage from the forest fire to the Worstell Co. Store. A young boy stands in the intersection looking back at the camera. Forest fire 1910.,"fires;  buildings (structures); groups of people;; Barnard, T. N. (Thomas Nathan)--Photograph collections; Stockbridge, Nellie--Photograph collections; Forest fires--Idaho;; Debris--Idaho; Buildings--Idaho; Bricks; Cities and towns--Idaho; Children--Idaho;",United States--Idaho--Shoshone County--Wallace,"PG 8, Barnard-Stockbridge Collection, University of Idaho Library Special Collections and Archives, http://www.lib.uidaho.edu/special-collections/",Barnard Stockbridge Collection,image/jpg,Image;StillImage,8-C8,"Digital image copyright 2009, The University of Idaho. All rights reserved. For more information contact Special Collections and Archives, University of Idaho Library, Moscow, Idaho 83844-2351.",93
Elsie Pulaski,"Barnard Studio (Wallace, Idaho)",1917,Portrait of Elsie Pulaski,"portraits;; Barnard, T. N. (Thomas Nathan)--Photograph collections; Stockbridge, Nellie--Photograph collections; Forest fires--Idaho;; ",United States--Idaho--Shoshone County--Wallace,"PG 8, Barnard-Stockbridge Collection, University of Idaho Library Special Collections and Archives, http://www.lib.uidaho.edu/special-collections/",Barnard Stockbridge Collection,image/jpg,Image;StillImage,8-07561,"Digital image copyright 2009, The University of Idaho. All rights reserved. For more information contact Special Collections and Archives, University of Idaho Library, Moscow, Idaho 83844-2351.",94
Edward C. Pulaski,"Barnard Studio (Wallace, Idaho)",1917,Group shot of Edward C. Pulaski.,"people;; Barnard, T. N. (Thomas Nathan)--Photograph collections; Stockbridge, Nellie--Photograph collections; Forest fires--Idaho;; ",United States--Idaho--Shoshone County--Wallace,"PG 8, Barnard-Stockbridge Collection, University of Idaho Library Special Collections and Archives, http://www.lib.uidaho.edu/special-collections/",Barnard Stockbridge Collection,image/jpg,Image;StillImage,8-07562,"Digital image copyright 2009, The University of Idaho. All rights reserved. For more information contact Special Collections and Archives, University of Idaho Library, Moscow, Idaho 83844-2351.",95
Walter H. Hanson,"Barnard Studio (Wallace, Idaho)",1912,Advertisement for Walter H. Hanson as a Republican candidate for State Senator.  Made into slide for theatre showings.,"fires; groups of people; dwellings;; Barnard, T. N. (Thomas Nathan)--Photograph collections; Stockbridge, Nellie--Photograph collections; Forest fires--Idaho;; ",United States--Idaho--Shoshone County--Wallace,"PG 8, Barnard-Stockbridge Collection, University of Idaho Library Special Collections and Archives, http://www.lib.uidaho.edu/special-collections/",Barnard Stockbridge Collection,image/jpg,Image;StillImage,8-01606-2,"Digital image copyright 2009, The University of Idaho. All rights reserved. For more information contact Special Collections and Archives, University of Idaho Library, Moscow, Idaho 83844-2351.",96
Emma (Mrs. Edward C.) Pulaski and Child,"Barnard Studio (Wallace, Idaho)",1917,Portrait of Emma (Mrs. Edward C.) Pulaski and Child,"portraits;; Barnard, T. N. (Thomas Nathan)--Photograph collections; Stockbridge, Nellie--Photograph collections; Forest fires--Idaho;; ",United States--Idaho--Shoshone County--Wallace,"PG 8, Barnard-Stockbridge Collection, University of Idaho Library Special Collections and Archives, http://www.lib.uidaho.edu/special-collections/",Barnard Stockbridge Collection,image/jpg,Image;StillImage,8-P1194,"Digital image copyright 2009, The University of Idaho. All rights reserved. For more information contact Special Collections and Archives, University of Idaho Library, Moscow, Idaho 83844-2351.",97
"Forest Fire, 1910 - Wallace. [1910] Coeur d'Alene Hardware warehouse ruins after fire of August 20.","Barnard Studio (Wallace, Idaho)",1910-08-20,"Image shows the debris from the Coeur d'Alene Hardware Warehouse on September 3, 1910 after  the fire on August 20, 1910 swept went through Wallace, Idaho.","fires; groups of people; railroads; business (commercial function);; Barnard, T. N. (Thomas Nathan)--Photograph collections; Stockbridge, Nellie--Photograph collections;; Debris--Idaho; Cities and towns--Idaho; Men--Idaho; Women--Idaho;",United States--Idaho--Shoshone County--Wallace,"PG 8, Barnard-Stockbridge Collection, University of Idaho Library Special Collections and Archives, http://www.lib.uidaho.edu/special-collections/",Barnard Stockbridge Collection,image/jpg,Image;StillImage,8-X87,"Digital image copyright 2009, The University of Idaho. All rights reserved. For more information contact Special Collections and Archives, University of Idaho Library, Moscow, Idaho 83844-2351.",98
"Forest Fire, 1910 - Wallace. [1910] Coeur d'Alene Hardware warehouse ruins after fire of August 20.","Barnard Studio (Wallace, Idaho)",1910-08-20,"Image shows the debris from the Coeur d'Alene Hardware Warehouse on September 3, 1910 after  the fire on August 20, 1910 swept went through Wallace, Idaho.","fires; business (commercial function);; Barnard, T. N. (Thomas Nathan)--Photograph collections; Stockbridge, Nellie--Photograph collections;; Debris--Idaho; Buildings--Idaho; Bricks; Cities and towns--Idaho;",United States--Idaho--Shoshone County--Wallace,"PG 8, Barnard-Stockbridge Collection, University of Idaho Library Special Collections and Archives, http://www.lib.uidaho.edu/special-collections/",Barnard Stockbridge Collection,image/jpg,Image;StillImage,8-X88,"Digital image copyright 2009, The University of Idaho. All rights reserved. For more information contact Special Collections and Archives, University of Idaho Library, Moscow, Idaho 83844-2351.",99
"Wallace, Idaho - Brewery - after fire of August 20, 1910","Barnard Studio (Wallace, Idaho)",1910-08-20,"Image shows the brewery in Wallace, Idaho after the fire of August 20, 1910.","fires; buildings (structures); business (commercial function);; Barnard, T. N. (Thomas Nathan)--Photograph collections; Stockbridge, Nellie--Photograph collections;; Debris--Idaho; Buildings--Idaho; Bricks; Cities and towns--Idaho;",United States--Idaho--Shoshone County--Wallace,"PG 8, Barnard-Stockbridge Collection, University of Idaho Library Special Collections and Archives, http://www.lib.uidaho.edu/special-collections/",Barnard Stockbridge Collection,image/jpg,Image;StillImage,8-X89a,"Digital image copyright 2009, The University of Idaho. All rights reserved. For more information contact Special Collections and Archives, University of Idaho Library, Moscow, Idaho 83844-2351.",100
"Forest Fire - Wallace [1910] Taken Aug. 25, after fire of Aug. 20","Barnard Studio (Wallace, Idaho)",1910-08-25,"Image of Wallace, Idaho after the fire of August 20, 1910.","fires; buildings (structures); railroads; railroads cars;; Barnard, T. N. (Thomas Nathan)--Photograph collections; Stockbridge, Nellie--Photograph collections;; Debris--Idaho; Buildings--Idaho; Bricks; Cities and towns--Idaho;",United States--Idaho--Shoshone County--Wallace,"PG 8, Barnard-Stockbridge Collection, University of Idaho Library Special Collections and Archives, http://www.lib.uidaho.edu/special-collections/",Barnard Stockbridge Collection,image/jpg,Image;StillImage,8-X89b,"Digital image copyright 2009, The University of Idaho. All rights reserved. For more information contact Special Collections and Archives, University of Idaho Library, Moscow, Idaho 83844-2351.",101